City_ID,City,Lat,Lng,Max Temp,Humidity,Cloudiness,Wind Speed,Country,Date
0,east london,-33.0153,27.9116,289.75,81,58,2.7,ZA,1685560041
1,monterey,36.2505,-121.2516,293.98,34,0,3.4,US,1685559938
2,butaritari,3.0707,172.7902,300.95,77,96,4.3,KI,1685560110
3,orbe,46.725,6.5307,293.79,69,66,2.11,CH,1685560110
4,laguna,38.421,-121.4238,295.61,61,0,3.6,US,1685560110
5,hasaki,35.7333,140.8333,287.71,75,36,1.41,JP,1685560110
6,puerto ayora,-0.7393,-90.3518,303.13,90,80,6.26,EC,1685560111
7,dogbo,6.8167,1.7833,300.1,80,93,4.07,BJ,1685560111
8,plettenberg bay,-34.0527,23.3716,287.85,76,10,2.02,ZA,1685560111
9,busselton,-33.65,115.3333,286.18,91,19,5.41,AU,1685560111
10,inuvik,68.3499,-133.7218,286.71,76,40,3.6,CA,1685559660
11,kapaa,22.0752,-159.319,299.33,80,40,6.69,US,1685560112
12,jamestown,42.097,-79.2353,301.77,36,0,2.06,US,1685560112
13,georgetown,5.4112,100.3354,303.12,74,20,0.0,MY,1685560015
14,vaitupu,5.4112,100.3354,303.12,74,20,0.0,MY,1685560015
15,quatro barras,-25.3656,-49.0769,292.01,71,69,0.69,BR,1685560113
16,los llanos de aridane,28.6585,-17.9182,295.01,85,40,1.54,ES,1685560113
17,manyana,-23.4,21.7167,284.11,41,0,3.38,BW,1685560113
18,bluff,-46.6,168.3333,286.27,77,100,7.17,NZ,1685560113
19,port macquarie,-31.4333,152.9167,282.53,69,3,2.09,AU,1685559522
20,hobart,-42.8794,147.3294,281.07,77,75,8.75,AU,1685560114
21,taolanaro,-42.8794,147.3294,281.07,77,75,8.75,AU,1685560114
22,provideniya,64.3833,-173.3,277.38,67,80,2.95,RU,1685560114
23,albany,42.6001,-73.9662,304.36,34,0,0.45,US,1685560084
24,monrovia,6.3005,-10.7969,301.02,81,100,3.07,LR,1685560115
25,punta arenas,-53.15,-70.9167,280.21,76,0,4.12,CL,1685560115
26,marsh harbour,26.5412,-77.0636,298.84,78,100,4.89,BS,1685559568
27,new norfolk,-42.7826,147.0587,280.87,71,44,2.68,AU,1685560115
28,rikitea,-23.1203,-134.9692,298.1,86,100,11.31,PF,1685560116
29,camanducaia,-22.7553,-46.1447,289.0,97,98,1.7,BR,1685560116
30,portland,45.5234,-122.6762,290.82,52,75,3.6,US,1685559818
31,broome,42.2506,-75.833,304.07,35,0,2.57,US,1685560117
32,upernavik,72.7868,-56.1549,273.62,99,100,0.55,GL,1685560117
33,tres arroyos,-38.3739,-60.2798,291.55,54,5,5.22,AR,1685559665
34,dunn,44.95,-91.8835,305.14,35,0,7.2,US,1685560118
35,jiayuguan,39.8167,98.3,285.89,34,100,2.18,CN,1685560046
36,kodinsk,58.6881,99.1844,282.6,84,86,0.98,RU,1685560118
37,arraial do cabo,-22.9661,-42.0278,294.07,88,100,3.6,BR,1685560118
38,kaeo,-35.1,173.7833,286.92,95,25,2.47,NZ,1685560119
39,longyearbyen,78.2186,15.6401,275.06,69,75,6.17,SJ,1685560119
40,petropavlovsk-kamchatskiy,53.0452,158.6483,276.48,100,100,3.0,RU,1685559549
41,chokurdakh,70.6333,147.9167,270.78,83,45,3.29,RU,1685560119
42,jamsa,61.8642,25.19,285.45,58,81,3.6,FI,1685560120
43,mehamn,71.0357,27.8492,278.1,93,75,5.14,NO,1685560120
44,port alfred,-33.5906,26.891,288.46,84,12,3.1,ZA,1685560120
45,kazo,36.1167,139.6,292.53,67,57,0.79,JP,1685560120
46,attawapiskat,36.1167,139.6,292.53,67,57,0.79,JP,1685560120
47,clyde river,70.4692,-68.5914,271.28,86,20,10.8,CA,1685559826
48,bosaso,11.2842,49.1816,304.61,61,2,1.13,SO,1685560121
49,mahebourg,-20.4081,57.7,294.96,66,16,4.04,MU,1685560121
50,san matias,-16.3667,-58.4,298.27,69,85,0.99,BO,1685560121
51,mataura,-46.1927,168.8643,281.3,86,100,2.01,NZ,1685560122
52,najran,17.4924,44.1277,302.22,29,100,3.15,SA,1685560121
53,bonavista,48.6499,-53.1147,279.45,84,13,5.76,CA,1685560122
54,bethel,41.3712,-73.414,302.23,38,0,5.14,US,1685559966
55,sayyan,15.1718,44.3244,289.45,64,98,2.6,YE,1685560123
56,luderitz,-26.6481,15.1594,288.41,73,0,5.06,NA,1685560123
57,amderma,-26.6481,15.1594,288.41,73,0,5.06,NA,1685560123
58,asau,46.4333,26.4,290.66,92,100,1.63,RO,1685560123
59,yellowknife,62.456,-114.3525,290.13,39,8,4.02,CA,1685560123
60,ushuaia,-54.8,-68.3,278.94,93,20,2.89,AR,1685560018
61,mecca,21.4267,39.8261,305.35,39,1,3.23,SA,1685560124
62,bilma,18.6853,12.9164,309.35,12,98,2.88,NE,1685559526
63,russell,32.3502,-85.1999,301.75,50,100,4.33,US,1685560124
64,barentsburg,32.3502,-85.1999,301.75,50,100,4.33,US,1685560124
65,ancud,-41.8697,-73.8203,285.16,83,100,3.27,CL,1685560125
66,tecoanapa,16.5167,-98.75,304.81,58,1,4.78,MX,1685560125
67,chuy,-33.6971,-53.4616,292.04,65,100,0.4,UY,1685560125
68,vanimo,-2.6741,141.3028,298.82,87,96,0.87,PG,1685560125
69,punta alta,-38.8759,-62.0736,296.52,40,0,6.74,AR,1685560126
70,torbay,47.6666,-52.7314,285.03,86,96,3.69,CA,1685560126
71,illoqqortoormiut,47.6666,-52.7314,285.03,86,96,3.69,CA,1685560126
72,gatchina,59.5764,30.1283,285.42,80,76,2.39,RU,1685560126
73,grand river south east,59.5764,30.1283,285.42,80,76,2.39,RU,1685560126
74,penzance,50.1186,-5.5371,290.53,84,0,3.81,GB,1685560127
75,hilo,19.7297,-155.09,299.97,90,100,2.06,US,1685560127
76,tiksi,71.6872,128.8694,270.47,84,99,2.24,RU,1685560127
77,nuoro,40.3211,9.3297,286.53,90,10,1.41,IT,1685560127
78,kruisfontein,-34.0033,24.7314,284.92,91,0,1.74,ZA,1685560127
79,acapulco,16.8634,-99.8901,306.05,55,0,3.6,MX,1685560128
80,sentyabrskiy,16.8634,-99.8901,306.05,55,0,3.6,MX,1685560128
81,geraldton,-28.7667,114.6,290.38,88,40,3.6,AU,1685560128
82,beihai,21.4833,109.1,301.52,75,80,3.13,CN,1685560128
83,san patricio,28.017,-97.5169,305.46,55,44,5.07,US,1685560129
84,avarua,-21.2078,-159.775,295.18,53,13,2.06,CK,1685560129
85,shache,38.4167,77.2406,298.55,17,100,3.17,CN,1685560129
86,grand gaube,-20.0064,57.6608,295.03,73,1,0.45,MU,1685560129
87,tuktoyaktuk,69.4541,-133.0374,276.47,91,100,2.68,CA,1685560130
88,lagoa,39.05,-27.9833,290.67,82,32,5.62,PT,1685560130
89,atambua,-9.1061,124.8925,293.09,88,54,2.9,ID,1685560130
90,cape town,-33.9258,18.4232,289.47,86,69,2.24,ZA,1685560130
91,dracena,-21.4843,-51.535,294.99,71,52,2.48,BR,1685560130
92,alexandria,31.2156,29.9553,296.78,60,40,7.78,EG,1685560047
93,saleaula,31.2156,29.9553,296.78,60,40,7.78,EG,1685560047
94,impfondo,1.6381,18.0667,297.15,82,92,0.64,CG,1685560131
95,hami,42.8,93.45,292.06,17,2,6.51,CN,1685559556
96,babanusah,42.8,93.45,292.06,17,2,6.51,CN,1685559556
97,birao,10.2849,22.7882,302.22,50,43,3.94,CF,1685559948
98,palanga,55.9175,21.0686,285.16,87,20,1.54,LT,1685560132
99,mar del plata,-38.0023,-57.5575,289.79,77,40,4.12,AR,1685559868
100,fortuna,40.5982,-124.1573,289.22,79,100,4.63,US,1685560132
101,okhotsk,59.3833,143.3,281.71,88,100,5.2,RU,1685560132
102,hermanus,-34.4187,19.2345,288.6,89,98,1.48,ZA,1685559946
103,hobyo,5.3505,48.5268,301.4,79,31,9.86,SO,1685560133
104,guangyuan,32.442,105.823,293.29,73,100,2.59,CN,1685560133
105,los alamos,35.8881,-106.307,296.0,35,75,7.2,US,1685560133
106,berlevag,70.8578,29.0864,278.12,87,75,7.72,NO,1685560133
107,coquimbo,-29.9533,-71.3436,293.0,55,0,5.66,CL,1685559430
108,gayeri,12.6497,0.4931,308.81,31,30,4.4,BF,1685560134
109,tuatapere,-46.1333,167.6833,284.86,90,100,2.93,NZ,1685560134
110,carnarvon,-24.8667,113.6333,294.07,79,19,5.88,AU,1685560134
111,kaitangata,-46.2817,169.8464,281.35,85,98,2.41,NZ,1685560135
112,encantado,-29.2361,-51.8697,297.38,64,25,1.23,BR,1685560135
113,todos santos,23.45,-110.2167,295.4,61,0,5.26,MX,1685559322
114,qaanaaq,77.484,-69.3632,267.68,68,0,2.08,GL,1685560097
115,karaul,77.484,-69.3632,267.68,68,0,2.08,GL,1685560097
116,vestmannaeyjar,63.4427,-20.2734,281.7,87,20,8.23,IS,1685559582
117,lompoc,34.6391,-120.4579,297.42,73,2,7.6,US,1685560136
118,sitrah,26.1547,50.6206,306.27,55,0,3.6,BH,1685560136
119,bahir dar,11.5936,37.3908,291.92,79,100,0.87,ET,1685560136
120,batagay,67.6333,134.6333,274.42,70,11,1.93,RU,1685560136
121,lazaro cardenas,17.9583,-102.2,304.19,55,2,5.0,MX,1685560137
122,norman wells,65.282,-126.8329,283.49,78,100,0.96,CA,1685560137
123,bambous virieux,-20.3428,57.7575,294.94,65,31,3.97,MU,1685560137
124,kahului,20.8947,-156.47,301.16,67,20,6.17,US,1685560137
125,honiara,-9.4333,159.95,298.28,88,71,1.82,SB,1685560137
126,pevek,69.7008,170.3133,270.38,78,21,3.17,RU,1685560138
127,marzuq,14.4,46.4667,300.76,50,55,2.52,YE,1685560138
128,saskylakh,71.9167,114.0833,275.32,82,100,3.13,RU,1685560104
129,baillif,16.0202,-61.7463,302.87,76,97,7.48,GP,1685560143
130,richards bay,-28.783,32.0377,292.86,91,99,2.71,ZA,1685560143
131,zhigansk,66.7697,123.3711,274.82,69,6,8.56,RU,1685559710
132,coahuayana,18.7333,-103.6833,307.57,40,0,4.08,MX,1685559691
133,rungata,18.7333,-103.6833,307.57,40,0,4.08,MX,1685559691
134,kirksville,40.1948,-92.5833,303.47,55,0,5.14,US,1685559563
135,ambon,-3.6954,128.1814,301.84,92,40,2.57,ID,1685560145
136,vaini,-21.2,-175.2,297.98,77,100,5.02,TO,1685560145
137,chenghai,23.4632,116.768,299.19,90,0,1.74,CN,1685560145
138,mount isa,-20.7333,139.5,277.02,70,0,0.0,AU,1685560145
139,belushya guba,-20.7333,139.5,277.02,70,0,0.0,AU,1685560145
140,pemangkat,1.1667,108.9667,299.44,87,100,3.05,ID,1685560146
141,aksarka,66.5606,67.7975,286.06,89,100,3.71,RU,1685560146
142,dikson,73.5069,80.5464,271.97,97,96,3.4,RU,1685560147
143,kamwenge,0.1866,30.4539,290.06,92,21,0.61,UG,1685560147
144,bilibino,68.0546,166.4372,276.08,72,100,0.76,RU,1685560147
145,byron bay,-28.65,153.6167,286.88,73,92,3.14,AU,1685560147
146,batangafo,7.3008,18.2833,296.4,89,46,1.47,CF,1685560148
147,taoudenni,22.6783,-3.9836,308.2,8,100,4.05,ML,1685560148
148,dharmadam,11.7833,75.4333,301.23,83,100,1.28,IN,1685560148
149,vila franca do campo,37.7167,-25.4333,292.38,81,39,4.47,PT,1685560148
150,cidreira,-30.1811,-50.2056,294.35,65,6,2.94,BR,1685559888
151,kununurra,-15.7667,128.7333,285.14,76,100,1.03,AU,1685560154
152,aykhal,66.0,111.5,275.25,59,1,1.75,RU,1685560154
153,wanning,18.8003,110.3967,299.7,87,100,3.36,CN,1685559722
154,cayenne,4.9333,-52.3333,301.17,69,20,4.12,GF,1685560154
155,khatanga,71.9667,102.5,279.32,58,85,3.77,RU,1685560155
156,mandalgovi,45.7625,106.2708,279.66,89,100,5.47,MN,1685560155
157,iskateley,67.6803,53.1512,284.06,52,63,4.05,RU,1685560155
158,kloulklubed,7.0419,134.2556,301.99,74,98,3.09,PW,1685560155
159,bulolo,-7.2,146.65,294.47,97,100,0.28,PG,1685560156
160,snyder,32.7179,-100.9176,302.21,44,40,7.2,US,1685559992
161,huarmey,-10.0681,-78.1522,297.46,68,2,5.25,PE,1685559480
162,bredasdorp,-34.5322,20.0403,288.38,94,100,4.24,ZA,1685560156
163,myanaung,18.2833,95.3167,302.28,70,100,1.86,MM,1685560094
164,jumla,29.2747,82.1838,284.48,85,8,1.21,NP,1685560157
165,airai,-8.9266,125.4092,285.88,86,84,1.37,TL,1685560157
166,hithadhoo,-0.6,73.0833,300.96,79,100,3.92,MV,1685560158
167,san cristobal,7.7669,-72.225,302.25,52,29,3.45,VE,1685560154
168,palembang,-2.9167,104.7458,300.2,94,100,2.06,ID,1685560150
169,hamilton,39.1834,-84.5333,304.38,48,20,4.63,US,1685559330
170,tateyama,34.9833,139.8667,291.52,74,84,2.45,JP,1685560159
171,nador,35.174,-2.9287,297.29,43,0,2.57,MA,1685560159
172,victoria,22.2855,114.1577,303.89,88,68,1.42,HK,1685560047
173,aklavik,68.2191,-135.0107,285.97,56,100,1.89,CA,1685560032
174,shenjiamen,29.9576,122.298,294.4,98,100,3.4,CN,1685560160
175,dong hoi,17.4833,106.6,300.84,77,79,2.41,VN,1685560160
176,iqaluit,63.7506,-68.5145,275.0,74,100,8.75,CA,1685560160
177,homer,59.6425,-151.5483,283.02,77,40,5.14,US,1685560010
178,barhi,23.9,80.8,304.74,26,7,4.12,IN,1685560160
179,udachnyy,66.4167,112.4,279.51,41,0,1.07,RU,1685560161
180,elk city,35.412,-99.4043,302.14,47,40,5.66,US,1685560161
181,caravelas,-17.7125,-39.2481,298.09,73,17,2.91,BR,1685560161
182,nizhneyansk,-17.7125,-39.2481,298.09,73,17,2.91,BR,1685560161
183,leshukonskoye,64.8989,45.7622,283.46,72,38,1.89,RU,1685560162
184,castro,-24.7911,-50.0119,290.99,68,82,0.82,BR,1685560162
185,pokhara,28.2333,83.9833,297.01,41,4,3.38,NP,1685559927
186,atar,20.5169,-13.0499,309.06,16,100,5.66,MR,1685559599
187,victoria point,-27.5833,153.3,285.47,80,43,2.4,AU,1685560163
188,barrow,71.2906,-156.7887,272.16,93,100,7.2,US,1685560163
189,naryan-mar,67.6713,53.087,284.17,52,62,3.98,RU,1685560163
190,kondinskoye,59.6481,67.41,293.56,52,100,4.65,RU,1685560167
191,lavrentiya,65.5833,-171.0,272.53,98,100,3.05,RU,1685560167
192,belaya gora,68.5333,146.4167,274.39,58,8,4.04,RU,1685560167
193,nikolskoye,59.7035,30.7861,285.82,79,95,1.64,RU,1685560086
194,umm lajj,25.0213,37.2685,301.53,57,0,3.95,SA,1685560168
195,gilgit,35.9221,74.3087,291.73,68,100,0.51,PK,1685560168
196,beberibe,-4.1797,-38.1306,301.04,72,33,3.36,BR,1685560168
197,sumisip,6.4197,121.9714,299.98,90,100,2.35,PH,1685560169
198,opuwo,-18.0607,13.84,291.54,32,1,2.67,NA,1685560169
199,kovdor,67.5662,30.4758,278.88,88,100,6.17,RU,1685560169
200,sibolga,1.7427,98.7792,297.98,88,91,1.29,ID,1685560169
201,tripoli,32.8752,13.1875,294.22,75,5,4.21,LY,1685560170
202,namie,37.4833,141.0,281.23,61,92,2.11,JP,1685560170
203,rosario,-32.9468,-60.6393,295.34,50,5,1.79,AR,1685560170
204,tera,14.0078,0.7531,311.7,15,15,2.51,NE,1685560170
205,san andres,12.5847,-81.7006,304.16,70,75,2.57,CO,1685559572
206,cherskiy,68.75,161.3,273.62,61,100,3.9,RU,1685560171
207,tevaitoa,-16.7833,-151.5,298.28,66,13,7.48,PF,1685560171
208,marawi,7.9986,124.2928,294.67,90,100,2.83,PH,1685560171
209,blyth,55.1271,-1.5086,285.52,76,75,3.09,GB,1685560171
210,lasa,46.6166,10.7002,290.64,84,14,1.45,IT,1685559648
211,saint-augustin,51.226,-58.6502,287.98,58,50,4.11,CA,1685560172
212,svetlogorsk,52.6333,29.7333,285.33,64,1,3.05,BY,1685560172
213,mount gambier,-37.8333,140.7667,285.05,66,100,3.9,AU,1685559970
214,lagos,6.5833,3.75,302.33,86,11,3.06,NG,1685559580
215,breza,44.0183,18.2608,289.27,94,100,1.57,BA,1685560173
216,esperance,-33.8667,121.9,289.24,89,100,6.2,AU,1685560173
217,aviles,43.5547,-5.9248,292.8,83,20,1.54,ES,1685560173
218,paita,-5.0892,-81.1144,298.97,71,49,4.71,PE,1685559710
219,enfield,-34.8526,138.6026,289.23,84,89,3.6,AU,1685560174
220,gurgan,-34.8526,138.6026,289.23,84,89,3.6,AU,1685560174
221,kyzyl-suu,42.3414,78.0056,285.41,61,100,1.43,KG,1685560174
222,fort nelson,58.8053,-122.7002,289.79,30,40,3.58,CA,1685559581
223,coxim,-18.5067,-54.76,298.99,67,91,1.02,BR,1685560085
224,ye,-18.5067,-54.76,298.99,67,91,1.02,BR,1685560085
225,bengkulu,-3.8004,102.2655,297.6,91,100,1.83,ID,1685560175
226,belyy yar,53.6039,91.3903,283.09,81,0,1.0,RU,1685560175
227,nyrob,60.733,56.7202,286.77,98,77,1.35,RU,1685560175
228,mys shmidta,60.733,56.7202,286.77,98,77,1.35,RU,1685560175
229,sidi bu zayd,60.733,56.7202,286.77,98,77,1.35,RU,1685560175
230,kattivakkam,13.2167,80.3167,304.2,89,16,5.55,IN,1685560176
231,sovetskiy,61.3614,63.5842,292.21,69,100,4.97,RU,1685559712
232,lata,40.1629,-8.3327,293.1,85,88,1.93,PT,1685560093
233,atuona,-9.8,-139.0333,300.06,77,100,6.68,PF,1685560177
234,harstad,68.799,16.5293,274.81,60,100,8.29,NO,1685560177
235,port elizabeth,-33.918,25.5701,287.21,98,6,1.96,ZA,1685560177
236,salta,-24.7859,-65.4117,295.48,40,0,2.06,AR,1685559953
237,garowe,8.4054,48.4845,303.14,52,88,5.94,SO,1685560177
238,itoman,26.1247,127.6694,299.16,94,75,13.38,JP,1685560178
239,labuhan,-6.8844,112.2051,297.56,86,79,3.2,ID,1685560178
240,macae,-22.3708,-41.7869,294.5,88,100,4.23,BR,1685560178
241,quatre cocos,-20.2078,57.7625,294.31,65,37,3.88,MU,1685560178
242,adre,13.4667,22.2,302.92,35,97,6.34,TD,1685560179
243,nanortalik,60.1432,-45.2371,277.49,93,100,3.84,GL,1685559665
244,miraflores,19.2167,-98.8083,298.72,34,65,1.39,MX,1685560179
245,macau,22.2006,113.5461,303.04,84,20,2.06,MO,1685560179
246,maceio,-9.6658,-35.7353,297.84,94,75,6.69,BR,1685560180
247,tasiilaq,65.6145,-37.6368,276.24,97,100,1.58,GL,1685560180
248,port lincoln,-34.7333,135.8667,288.17,92,33,3.68,AU,1685559972
249,dicabisagan,17.0818,122.4157,299.8,76,94,3.31,PH,1685560180
250,sao joao da barra,-21.6403,-41.0511,296.2,73,100,5.07,BR,1685560180
251,leningradskiy,69.3833,178.4167,271.9,85,100,3.47,RU,1685560181
252,pisco,-13.7,-76.2167,294.18,73,100,2.57,PE,1685560136
253,nagpur,21.15,79.1,305.16,33,20,0.0,IN,1685560134
254,general roca,-39.0333,-67.5833,292.26,35,17,7.18,AR,1685560181
255,thompson,55.7435,-97.8558,285.24,71,75,4.12,CA,1685560181
256,cedar city,37.6775,-113.0619,295.69,21,0,5.66,US,1685560182
257,ngukurr,37.6775,-113.0619,295.69,21,0,5.66,US,1685560182
258,konstancin-jeziorna,52.0938,21.1176,292.65,36,0,2.06,PL,1685560182
259,saint george,37.1041,-113.5841,302.28,13,0,3.6,US,1685560182
260,dubna,56.7333,37.1667,281.29,81,9,1.93,RU,1685560183
261,arlit,18.7369,7.3853,308.57,12,66,5.28,NE,1685559689
262,dimitrovgrad,54.2139,49.6184,287.63,95,28,2.47,RU,1685560046
263,olafsvik,64.8945,-23.7142,282.41,93,100,5.05,IS,1685560183
264,narsaq,60.9167,-46.05,279.27,98,100,1.89,GL,1685560183
265,ceres,37.5949,-120.9577,296.6,52,0,2.57,US,1685560184
266,hue,16.4667,107.6,303.21,66,20,2.06,VN,1685560184
267,karla,59.3723,24.9275,285.13,64,0,6.69,EE,1685560184
268,mahaicony,59.3723,24.9275,285.13,64,0,6.69,EE,1685560184
269,begoro,6.3871,-0.3774,296.49,92,6,1.96,GH,1685560185
270,kavaratti,10.5669,72.642,302.87,71,77,1.61,IN,1685560185
271,makat,47.6469,53.3463,302.19,17,96,4.84,KZ,1685559682
272,vydrino,51.485,104.8461,281.61,82,100,1.75,RU,1685559897
273,nuuk,64.1835,-51.7216,276.49,100,100,22.12,GL,1685560189
274,maues,-3.3836,-57.7186,300.93,80,100,1.51,BR,1685560189
275,kimbe,-5.5502,150.1429,297.44,90,100,1.84,PG,1685560189
276,bull savanna,17.8868,-77.5902,300.13,75,100,5.22,JM,1685560190
277,gaya,24.7833,85.0,307.96,23,7,4.47,IN,1685560190
278,neiafu,-18.65,-173.9833,297.53,83,20,2.57,TO,1685560190
279,rocha,-34.4833,-54.3333,291.9,57,100,1.51,UY,1685560190
280,san juan,-31.5375,-68.5364,294.81,29,12,3.19,AR,1685560158
281,yenagoa,4.9247,6.2642,298.69,93,100,1.81,NG,1685560191
282,ryotsu,38.0833,138.4333,288.48,66,100,2.16,JP,1685560191
283,katsuura,35.1333,140.3,290.96,76,53,2.18,JP,1685560191
284,bemidji,47.4736,-94.8803,301.79,54,0,2.06,US,1685560191
285,bisira,8.5196,-81.7115,294.14,80,97,2.26,PA,1685560192
286,marcona,8.5196,-81.7115,294.14,80,97,2.26,PA,1685560192
287,parabel,58.6978,81.4825,288.59,60,15,2.77,RU,1685560192
288,benguela,-12.5763,13.4055,294.5,83,6,1.91,AO,1685560192
289,lahat,-3.8,103.5333,296.57,98,99,0.72,ID,1685560192
290,saint-georges,12.0564,-61.7485,302.06,73,100,6.18,GD,1685560193
291,zachagansk,12.0564,-61.7485,302.06,73,100,6.18,GD,1685560193
292,yamethin,20.4333,96.15,299.32,79,100,3.04,MM,1685560099
293,vila,42.0304,-8.1588,284.65,100,100,1.06,PT,1685560193
294,moron,-34.6534,-58.6198,294.82,73,16,1.77,AR,1685560193
295,dingle,10.9995,122.6711,298.43,89,100,2.89,PH,1685559659
296,mweka,-4.85,21.5667,296.72,63,4,0.23,CD,1685560194
297,saldanha,-33.0117,17.9442,287.75,92,16,1.99,ZA,1685560194
298,sarangani,5.4033,125.4636,301.6,77,91,3.25,PH,1685560194
299,husavik,66.0449,-17.3389,284.28,60,1,1.32,IS,1685560195
300,payo,-3.7508,103.6372,296.45,98,100,0.85,ID,1685560195
301,gizo,-8.103,156.8419,300.96,79,100,3.53,SB,1685560195
302,mahajanga,-15.7167,46.3167,299.52,58,5,2.87,MG,1685560195
303,ust-omchug,61.15,149.6333,285.56,64,100,2.28,RU,1685560195
304,ambovombe,-25.1667,46.0833,294.18,76,93,6.33,MG,1685560196
305,sitka,57.0531,-135.33,282.09,71,75,2.57,US,1685560196
306,new glasgow,45.5834,-62.6486,290.81,49,93,5.45,CA,1685560196
307,turtas,58.9417,69.1325,291.53,51,100,3.4,RU,1685560196
308,solsvik,58.9417,69.1325,291.53,51,100,3.4,RU,1685560196
309,samusu,58.9417,69.1325,291.53,51,100,3.4,RU,1685560196
310,karratha,-20.7377,116.8463,292.52,43,0,3.28,AU,1685559684
311,lorengau,-2.0226,147.2712,300.46,80,100,1.72,PG,1685560197
312,jacqueville,5.2052,-4.4146,300.85,82,100,4.57,CI,1685560197
313,fare,-16.7,-151.0167,298.52,67,86,7.28,PF,1685560198
314,ganganagar,29.9167,73.8833,292.58,85,100,10.37,IN,1685560013
315,lamar,33.6668,-95.5836,305.73,45,20,4.63,US,1685560198
316,skibbereen,51.55,-9.2667,288.77,78,1,5.98,IE,1685560198
317,alofi,-19.0595,-169.9187,298.33,65,100,4.41,NU,1685560198
318,takoradi,4.8845,-1.7554,300.33,82,19,3.92,GH,1685560199
319,chicama,-7.8447,-79.1469,297.45,62,10,4.69,PE,1685560199
320,bouca,6.5105,18.2733,297.36,76,17,1.64,CF,1685560199
321,ribeira grande,38.5167,-28.7,294.69,73,40,4.12,PT,1685560199
322,tiznit,29.5833,-9.5,291.23,68,0,3.56,MA,1685560200
323,codrington,-38.2667,141.9667,285.46,65,100,6.63,AU,1685560200
324,kazalinsk,-38.2667,141.9667,285.46,65,100,6.63,AU,1685560200
325,pangnirtung,66.1451,-65.7125,274.17,98,100,1.54,CA,1685560200
326,ilhabela,-23.7781,-45.3581,292.56,94,100,2.12,BR,1685560201
327,mangan,27.5167,88.5333,297.05,86,94,0.73,IN,1685560201
328,santa isabel do rio negro,-0.4139,-65.0192,302.79,73,36,2.13,BR,1685560201
329,balkhash,46.844,74.9804,292.77,41,0,6.14,KZ,1685560202
330,kidal,18.4411,1.4078,309.56,13,39,5.52,ML,1685560203
331,sobolevo,54.4299,31.8996,283.73,71,3,2.92,RU,1685560204
332,praia da vitoria,38.7333,-27.0667,291.02,81,41,4.25,PT,1685560204
333,takhtamygda,54.1,123.5667,278.51,93,24,1.99,RU,1685560205
334,vostok,46.4856,135.8833,281.0,74,100,2.21,RU,1685560205
335,margate,51.3813,1.3862,286.1,84,42,7.15,GB,1685560205
336,dunedin,-45.8742,170.5036,283.07,80,78,3.3,NZ,1685559971
337,port hawkesbury,45.6169,-61.3485,298.48,46,29,3.13,CA,1685560206
338,souillac,-20.5167,57.5167,295.98,71,4,3.72,MU,1685560206
339,nelson bay,-32.7167,152.15,290.37,74,17,4.02,AU,1685560207
340,bathsheba,13.2167,-59.5167,302.09,72,76,7.24,BB,1685560036
341,road town,18.4167,-64.6167,303.17,66,40,5.14,VG,1685560097
342,deputatskiy,69.3,139.9,269.72,91,100,1.05,RU,1685560207
343,cotonou,6.3654,2.4183,301.05,79,41,5.53,BJ,1685560065
344,casablanca,33.5928,-7.6192,296.27,64,0,4.02,MA,1685560208
345,havoysund,70.9963,24.6622,276.28,97,100,8.72,NO,1685559653
346,tsihombe,70.9963,24.6622,276.28,97,100,8.72,NO,1685559653
347,tigre,-34.426,-58.5796,294.96,68,0,2.06,AR,1685559912
348,tomatlan,19.9333,-105.25,307.97,35,0,5.74,MX,1685559654
349,karakendzha,19.9333,-105.25,307.97,35,0,5.74,MX,1685559654
350,cururupu,-1.8283,-44.8683,302.15,70,32,3.03,BR,1685560209
351,lebu,-37.6167,-73.65,287.37,86,100,2.81,CL,1685560210
352,kavieng,-2.5744,150.7967,300.85,79,100,2.41,PG,1685560210
353,chagoda,59.164,35.3285,284.1,61,85,3.5,RU,1685560210
354,dalby,-27.1833,151.2667,284.43,71,3,0.16,AU,1685560211
355,palabuhanratu,-27.1833,151.2667,284.43,71,3,0.16,AU,1685560211
356,whitehorse,60.7161,-135.0538,284.16,42,59,5.36,CA,1685560053
357,guerrero negro,27.9769,-114.0611,291.98,57,17,8.5,MX,1685560211
358,tangzhai,34.4328,116.5911,294.78,79,100,2.22,CN,1685560212
359,puerto escondido,15.85,-97.0667,305.25,61,8,4.57,MX,1685559419
360,dawei,14.0833,98.2,298.83,87,100,1.14,MM,1685560094
361,broken hill,-31.95,141.4333,286.09,72,1,3.86,AU,1685560212
362,aden,12.7794,45.0367,305.99,55,99,1.97,YE,1685560213
363,kodiak,57.79,-152.4072,281.88,76,100,4.12,US,1685560213
364,saint-philippe,-21.3585,55.7679,293.92,78,42,3.96,RE,1685560213
365,tarudant,-21.3585,55.7679,293.92,78,42,3.96,RE,1685560213
366,sorland,67.667,12.6934,277.07,62,100,12.7,NO,1685560214
367,havre-saint-pierre,50.2334,-63.5986,287.19,69,86,9.32,CA,1685560214
368,stornoway,58.2093,-6.3865,286.53,82,75,3.6,GB,1685560214
369,roura,4.7263,-52.3274,301.1,69,20,4.12,GF,1685560214
370,joshimath,30.5667,79.5667,286.1,66,46,3.07,IN,1685560215
371,ghanzi,-21.5667,21.7833,288.78,25,16,3.08,BW,1685560215
372,kibre mengist,5.8833,38.9833,288.89,97,100,0.91,ET,1685560215
373,kashi,39.4547,75.9797,296.71,17,100,1.74,CN,1685560215
374,oktyabrskoye,43.0645,44.7417,289.23,77,100,10.0,RU,1685559678
375,litovko,49.2361,135.1742,281.54,90,100,3.84,RU,1685560216
376,zyryanskoye,56.8306,86.6258,286.86,52,85,2.18,RU,1685560216
377,vardo,70.3705,31.1107,279.14,93,75,4.12,NO,1685560216
378,hongjiang,27.11,109.9956,296.51,98,99,1.32,CN,1685560217
379,nguruka,-5.1092,31.0419,294.04,57,29,0.91,TZ,1685560222
380,palmer,42.1584,-72.3287,302.47,30,0,0.45,US,1685560222
381,touros,-5.1989,-35.4608,301.18,75,93,5.9,BR,1685560222
382,turayf,31.6725,38.6637,296.92,38,1,2.65,SA,1685560223
383,korla,41.7597,86.1469,294.73,25,57,2.82,CN,1685560223
384,dzhebariki-khaya,62.2167,135.8,283.31,77,68,1.55,RU,1685559683
385,imbituba,-28.24,-48.6703,294.74,70,0,2.79,BR,1685560223
386,porto santo,33.072,-16.3415,294.36,78,40,4.63,PT,1685560224
387,yulara,-25.2406,130.9889,285.27,47,0,1.84,AU,1685560224
388,goderich,43.7501,-81.7165,296.99,53,0,1.64,CA,1685560209
389,kenora,49.8167,-94.4337,300.88,36,25,3.4,CA,1685560224
390,cheuskiny,49.8167,-94.4337,300.88,36,25,3.4,CA,1685560224
391,moyale,3.5167,39.0584,296.45,53,99,1.75,KE,1685560225
392,nouadhibou,20.931,-17.0347,295.14,68,70,8.75,MR,1685560225
393,gao,16.6362,1.637,310.56,14,100,4.5,ML,1685560225
394,banda aceh,5.5577,95.3222,299.74,79,100,6.41,ID,1685560225
395,kamenka,51.3223,42.7678,286.19,89,4,4.37,RU,1685560226
396,mrirt,51.3223,42.7678,286.19,89,4,4.37,RU,1685560226
397,burnie,-41.0667,145.9167,282.29,62,10,9.08,AU,1685560226
398,coihaique,-45.5752,-72.0662,283.12,71,75,2.57,CL,1685560226
399,port-de-paix,-45.5752,-72.0662,283.12,71,75,2.57,CL,1685560226
400,ugoofaaru,5.6667,73.0,301.9,76,100,6.59,MV,1685560227
401,naze,28.3667,129.4833,296.57,92,100,6.05,JP,1685560227
402,george town,5.4112,100.3354,303.12,74,20,0.0,MY,1685560228
403,dmitrovsk-orlovskiy,52.505,35.1464,283.38,63,1,3.11,RU,1685560228
404,nome,64.5011,-165.4064,277.68,56,12,1.54,US,1685559696
405,elliot lake,46.3834,-82.6331,300.85,43,4,3.94,CA,1685560228
406,katsiveli,46.3834,-82.6331,300.85,43,4,3.94,CA,1685560228
407,salalah,17.0151,54.0924,303.2,79,40,1.54,OM,1685560229
408,larnaca,34.9167,33.6292,295.34,70,0,5.66,CY,1685560229
409,esil,51.9556,66.4042,296.37,38,63,3.87,KZ,1685560229
410,batemans bay,-35.7167,150.1833,288.2,57,100,3.34,AU,1685560229
411,karpogory,64.0019,44.4451,282.99,70,6,2.07,RU,1685560230
412,suntar,62.1444,117.6319,277.68,84,9,1.93,RU,1685560231
413,mumford,5.2618,-0.759,300.79,79,43,4.93,GH,1685560231
414,pathein,16.7833,94.7333,300.35,79,100,3.07,MM,1685560231
415,bury saint edmunds,16.7833,94.7333,300.35,79,100,3.07,MM,1685560231
416,cabo san lucas,22.8909,-109.9124,305.76,50,0,7.2,MX,1685560005
417,sabang,5.8933,95.3214,301.1,77,95,9.6,ID,1685560232
418,agadir,30.4202,-9.5982,296.4,63,0,3.96,MA,1685560232
419,phan rang,30.4202,-9.5982,296.4,63,0,3.96,MA,1685560232
420,serenje,-13.2325,30.2352,287.16,62,5,2.55,ZM,1685560233
421,tabivere,58.5542,26.5956,287.14,64,13,3.61,EE,1685560233
422,aksu,41.1231,80.2644,295.82,21,83,1.39,CN,1685560233
423,namibe,-15.1961,12.1522,293.03,71,5,1.2,AO,1685559692
424,ous,60.9058,61.5186,294.0,57,100,5.59,RU,1685560234
425,bodden town,19.2833,-81.25,299.78,84,100,3.13,KY,1685560234
426,cabedelo,-6.9811,-34.8339,302.52,80,79,5.19,BR,1685560235
427,kirakira,-10.4544,161.9205,299.52,85,66,3.79,SB,1685560236
428,ostrovnoy,68.0531,39.5131,281.32,84,100,6.94,RU,1685560236
429,maldonado,-34.6667,-54.9167,289.81,65,100,2.08,UY,1685560236
430,ales,44.1333,4.0833,291.31,93,99,2.12,FR,1685560236
431,kokkola,63.8385,23.1307,284.24,57,0,5.14,FI,1685560237
432,sterling,39.0062,-77.4286,300.78,32,0,3.09,US,1685560110
433,mnogovershinnyy,53.9353,139.9242,274.64,98,100,2.28,RU,1685560237
434,witu,-2.3889,40.4382,299.24,82,7,4.82,KE,1685560237
435,kiev,50.4333,30.5167,290.16,54,2,1.6,UA,1685559777
436,manjacaze,-24.7117,33.8828,292.89,79,11,3.87,MZ,1685560238
437,dinsor,-24.7117,33.8828,292.89,79,11,3.87,MZ,1685560238
438,ballina,-28.8667,153.5667,286.92,69,67,2.55,AU,1685560239
439,beyneu,45.3167,55.2,301.46,19,100,5.39,KZ,1685560239
440,pacific grove,36.6177,-121.9166,291.6,81,75,4.12,US,1685560239
441,meridian,43.6121,-116.3915,296.88,58,20,5.66,US,1685560064
442,sanchez,19.2281,-69.6137,305.16,66,40,4.12,DO,1685560240
443,kiunga,-6.1219,141.2906,296.26,98,86,1.66,PG,1685560240
444,goure,13.9835,10.2704,309.26,23,87,2.33,NE,1685560240
445,bubaque,11.2833,-15.8333,300.96,82,97,5.93,GW,1685560240
446,manggar,-2.8833,108.2667,301.26,79,100,5.62,ID,1685560241
447,faanui,-16.4833,-151.75,298.45,67,24,6.78,PF,1685560241
448,toliary,-16.4833,-151.75,298.45,67,24,6.78,PF,1685560241
449,salinopolis,-0.6136,-47.3561,301.74,75,5,4.87,BR,1685560241
450,rawson,-43.3002,-65.1023,291.34,38,9,11.36,AR,1685560242
451,barcelona,41.3888,2.159,296.59,76,20,1.54,ES,1685560213
452,vao,-22.6667,167.4833,295.18,66,80,8.27,NC,1685560242
453,maraba,-5.3686,-49.1178,305.25,62,40,2.06,BR,1685560242
454,ambunti,-4.2365,142.8448,296.22,99,43,0.6,PG,1685560242
455,guane,22.2025,-84.0875,303.68,62,31,3.64,CU,1685560243
456,gold coast,-28.0,153.4333,288.19,86,96,3.09,AU,1685560166
457,komsomolskiy,40.4272,71.7189,298.55,31,100,1.03,UZ,1685560243
458,farah,32.5,62.5,297.51,10,0,2.47,AF,1685560243
459,gabriel leyva solano,25.6667,-108.6417,308.69,19,0,4.76,MX,1685560248
460,medina del campo,41.3124,-4.9141,290.75,52,100,1.86,ES,1685560249
461,antalaha,-14.9003,50.2788,294.68,83,5,3.55,MG,1685560249
462,ambanja,-13.6833,48.45,295.67,90,4,1.66,MG,1685560249
463,ust-koksa,50.2696,85.6108,277.12,89,30,1.39,RU,1685560249
464,hofn,64.2539,-15.2082,281.12,81,5,2.28,IS,1685560250
465,nouakchott,18.0858,-15.9785,299.11,58,100,9.85,MR,1685560250
466,shingu,33.7333,135.9833,291.15,88,91,2.12,JP,1685560250
467,kibala,9.1104,18.3463,302.62,53,16,1.65,TD,1685560250
468,murchison,-41.8,172.3333,283.52,98,100,0.16,NZ,1685560250
469,tabou,4.423,-7.3528,299.6,83,100,2.87,CI,1685560251
470,hervey bay,-25.2986,152.8535,289.07,84,59,3.14,AU,1685560251
471,charters towers,-20.1,146.2667,290.79,86,100,3.53,AU,1685560251
472,tukrah,32.5341,20.5791,296.14,64,0,4.29,LY,1685560251
473,aswan,24.0934,32.907,307.21,15,73,3.77,EG,1685560252
474,sammamish,47.6418,-122.0804,289.34,65,75,0.89,US,1685560189
475,kushva,58.2906,59.7592,292.26,53,99,2.87,RU,1685560252
476,severo-yeniseyskiy,60.3725,93.0408,283.29,49,89,1.47,RU,1685560252
477,jalu,29.0331,21.5482,305.47,18,2,4.34,LY,1685560252
478,amuntai,-2.4177,115.2494,298.15,88,100,0.59,ID,1685560253
479,wewak,-3.5534,143.6268,299.7,82,56,0.67,PG,1685560253
480,bathurst,-33.4166,149.5806,284.72,90,100,2.53,AU,1685560253
481,abashiri,44.0213,144.2697,280.9,71,23,3.63,JP,1685560253
482,awbari,26.5921,12.7805,303.11,18,0,5.9,LY,1685560253
483,dembi dolo,8.5333,34.8,288.02,91,37,1.66,ET,1685560254
484,muros,42.7762,-9.0603,292.64,81,100,1.74,ES,1685560254
485,jabiru,42.7762,-9.0603,292.64,81,100,1.74,ES,1685560254
486,bandarbeyla,9.4942,50.8122,301.05,83,5,9.18,SO,1685560255
487,adrar,20.5022,-10.0711,307.42,15,100,3.13,MR,1685560255
488,naftah,20.5022,-10.0711,307.42,15,100,3.13,MR,1685560255
489,isangel,-19.55,169.2667,297.16,78,100,4.17,VU,1685560256
490,ngunguru,-35.6167,174.5,285.4,89,17,3.33,NZ,1685560256
491,lyubymivka,46.8106,33.5686,289.06,82,100,1.86,UA,1685560256
492,grindavik,63.8424,-22.4338,283.41,87,100,4.63,IS,1685560256
493,lamont,35.2597,-118.9143,297.34,42,2,3.19,US,1685560257
494,cabra,37.4725,-4.4421,295.48,39,7,0.77,ES,1685559685
495,kasongo-lunda,-6.4667,16.8167,295.8,90,99,0.83,CD,1685560257
496,kluczbork,50.9728,18.2182,288.0,58,23,1.66,PL,1685560257
497,meulaboh,4.1363,96.1285,297.78,88,99,1.73,ID,1685560258
498,chutove,49.7104,35.1603,285.76,81,25,3.79,UA,1685560258
499,dujuma,49.7104,35.1603,285.76,81,25,3.79,UA,1685560258
500,mandali,33.7499,45.5541,303.97,21,0,5.82,IQ,1685560258
501,hammerfest,70.6634,23.6821,275.4,80,75,12.86,NO,1685560259
502,anadyr,64.75,177.4833,283.43,50,0,1.0,RU,1685560259
503,yar-sale,66.8333,70.8333,284.75,87,100,3.54,RU,1685560259
504,shemursha,54.8866,47.5189,286.34,95,100,4.46,RU,1685560259
505,orotukan,62.2667,151.7,282.07,71,100,2.9,RU,1685560260
506,piacabucu,-10.4056,-36.4344,299.24,84,15,4.6,BR,1685560260
507,stodolishche,54.1859,32.6492,283.29,76,1,2.58,RU,1685560260
508,khlung,12.4547,102.2214,299.65,90,99,3.2,TH,1685560260
509,qasigiannguit,68.8193,-51.1922,276.29,99,100,3.78,GL,1685560260
510,shelburne,44.0787,-80.2041,303.22,38,21,1.05,CA,1685560261
511,manaure,11.7751,-72.4445,303.53,67,100,3.09,CO,1685560261
512,los barrios,36.1848,-5.4921,296.06,60,20,5.14,ES,1685560261
513,saint anthony,45.0205,-93.218,305.45,43,0,7.2,US,1685560262
514,crailsheim,49.1344,10.0719,292.52,69,4,3.12,DE,1685560262
515,yichang,30.7144,111.2847,297.01,76,100,0.86,CN,1685560262
516,itapira,-22.4361,-46.8217,292.3,89,70,2.4,BR,1685560263
517,lephepe,-22.4361,-46.8217,292.3,89,70,2.4,BR,1685560263
518,hualmay,-11.0964,-77.6139,296.34,67,7,4.17,PE,1685560263
519,sakaiminato,35.55,133.2333,289.86,74,90,2.93,JP,1685560264
520,gediz,39.0417,29.41,286.28,85,31,2.06,TR,1685560264
521,zinder,13.8072,8.9881,308.11,21,9,3.31,NE,1685560264
522,holme,56.1138,10.1725,287.91,76,96,7.79,DK,1685560264
523,arman,59.7,150.1667,285.94,62,100,4.11,RU,1685560265
524,sept-iles,50.2001,-66.3821,302.15,40,80,3.13,CA,1685560265
525,fairbanks,64.8378,-147.7164,284.04,73,100,5.66,US,1685560020
526,harboore,56.6175,8.1807,283.79,84,11,13.87,DK,1685560265
527,minab,27.1467,57.0801,305.44,47,31,1.9,IR,1685560087
528,severo-kurilsk,50.6789,156.125,276.48,90,100,3.01,RU,1685560266
529,san quintin,30.4833,-115.95,291.64,59,6,7.68,MX,1685560266
530,aflao,6.116,1.1914,301.47,76,67,5.42,TG,1685560266
531,chagda,6.116,1.1914,301.47,76,67,5.42,TG,1685560266
532,matagami,49.7502,-77.6328,304.02,25,14,5.56,CA,1685560267
533,gubkinskiy,64.434,76.5026,286.92,55,93,5.16,RU,1685560267
534,lunenburg,44.3835,-64.3155,300.09,39,98,5.28,CA,1685560220
535,mokhotlong,-29.2894,29.0675,277.34,60,93,1.8,LS,1685560267
536,batagay-alyta,67.8006,130.4114,273.61,87,64,0.62,RU,1685560268
537,petropavl,54.8753,69.1628,292.76,47,100,2.88,KZ,1685560268
538,pangai,-19.8,-174.35,298.12,77,98,5.79,TO,1685560268
539,bud,39.447,-86.1758,304.93,50,81,3.95,US,1685560268
540,rwamagana,-1.9487,30.4347,295.84,86,5,0.77,RW,1685560157
541,mana,5.6592,-53.7767,300.74,81,61,3.21,GF,1685560269
542,trinidad,-14.8333,-64.9,301.42,61,1,0.62,BO,1685560269
543,srednekolymsk,67.45,153.6833,278.0,54,95,4.97,RU,1685560269
544,gravdal,68.1214,13.5031,275.09,87,75,9.26,NO,1685560269
545,comodoro rivadavia,-45.8667,-67.5,288.44,42,0,14.76,AR,1685560257
546,new milford,40.9327,-74.0179,301.59,27,0,2.68,US,1685560270
547,darhan,49.4867,105.9228,284.18,70,100,3.66,MN,1685560270
548,ca mau,9.1769,105.15,299.65,87,67,2.16,VN,1685560270
549,oxford,51.7522,-1.256,289.29,81,75,6.17,GB,1685560270
550,abu kamal,34.4506,40.9171,300.98,22,0,3.49,SY,1685560271
551,san francisco,37.7749,-122.4194,294.36,76,75,7.2,US,1685560212
552,moose factory,51.2585,-80.6094,300.15,53,100,6.17,CA,1685560271
553,saint-pierre,-21.3393,55.4781,293.97,68,20,3.09,RE,1685560271
554,caninde de sao francisco,-9.66,-37.7894,301.68,56,91,3.26,BR,1685560271
555,lahr,48.35,7.8667,296.87,31,0,2.57,DE,1685560272
556,matara,5.9485,80.5353,299.06,89,81,3.24,LK,1685560272
557,fukue,32.6881,128.8419,294.12,93,100,4.53,JP,1685560272
558,tura,25.5198,90.2201,299.57,50,11,1.98,IN,1685560272
559,chapais,49.7834,-74.8492,304.03,28,82,5.82,CA,1685560273
560,ahuimanu,21.4447,-157.8378,300.99,75,100,4.63,US,1685560273
561,dodge city,37.7528,-100.0171,300.51,47,0,2.06,US,1685560273
562,mountain home,43.133,-115.6912,296.56,43,46,0.45,US,1685560093
563,wembley,-31.9333,115.8,286.01,98,75,2.57,AU,1685560274
564,thinadhoo,0.5333,72.9333,298.89,86,100,5.55,MV,1685560274
565,ixtapa,20.7,-105.2,301.72,70,40,6.17,MX,1685560274
566,sherlovaya gora,50.5667,116.25,282.53,43,100,3.98,RU,1685560274
567,faya,18.3851,42.4509,289.44,59,100,0.93,SA,1685560275
568,severomuysk,56.1481,113.4267,273.27,82,65,1.24,RU,1685560275
569,seydisehir,37.4193,31.8453,286.23,86,11,0.63,TR,1685560166
570,la rioja,42.25,-2.5,286.03,82,93,0.88,ES,1685560275
571,sao filipe,14.8961,-24.4956,298.66,63,57,5.88,CV,1685560276
572,spanaway,47.104,-122.4346,289.07,65,100,0.89,US,1685560276
573,lahad datu,5.0268,118.327,298.65,88,94,1.42,MY,1685560276
574,calabozo,8.9242,-67.4293,304.14,61,44,1.39,VE,1685560276
575,khandyga,62.6667,135.6,283.26,81,35,2.24,RU,1685560277
576,hihifo,62.6667,135.6,283.26,81,35,2.24,RU,1685560277
577,sainte-maxime,43.3,6.6333,295.66,71,71,1.54,FR,1685560277
578,enterprise,36.0252,-115.2419,303.61,17,40,2.57,US,1685560277
579,show low,34.2542,-110.0298,295.42,14,0,9.26,US,1685560278
580,arenapolis,-14.4503,-56.8461,300.5,64,94,1.35,BR,1685560278
581,lebyazhye,55.2689,66.4947,293.57,47,64,4.34,RU,1685560279
582,khani,41.9563,42.9566,286.91,95,68,0.53,GE,1685560279
583,bang saphan,11.2126,99.5117,300.74,79,95,3.5,TH,1685560164
584,reconquista,-29.15,-59.65,298.79,50,24,3.56,AR,1685559697
585,launceston,-41.45,147.1667,281.37,65,9,9.26,AU,1685560285
586,jambi,-1.6,103.6167,296.43,99,75,1.4,ID,1685560285
587,nemuro,43.3236,145.575,282.08,73,6,5.8,JP,1685560285
588,cockburn town,21.4612,-71.1419,300.74,80,100,7.08,TC,1685560285
589,dungarpur,23.8333,73.7167,304.49,39,0,4.87,IN,1685560285
590,tres picos,15.8667,-93.5333,306.49,54,20,4.47,MX,1685560286
591,upington,-28.4478,21.2561,283.36,76,0,2.57,ZA,1685560286
592,magetan,-28.4478,21.2561,283.36,76,0,2.57,ZA,1685560286
593,campina verde,-19.5356,-49.4864,293.81,81,94,1.05,BR,1685560286
594,ambilobe,-13.2,49.05,295.37,83,1,1.96,MG,1685560287
595,bailieborough,53.9167,-6.9667,288.39,87,25,2.97,IE,1685560287
596,yarada,17.65,83.2667,302.85,75,62,3.28,IN,1685560287
597,biak,-0.9131,122.8766,297.71,88,100,2.54,ID,1685560287
598,chishtian mandi,29.8,72.8667,295.15,67,100,6.92,PK,1685560158
599,puerto leguizamo,-0.1934,-74.7819,300.33,87,46,0.76,CO,1685560288
600,krasnoborsk,61.5598,45.934,285.04,89,69,1.35,RU,1685560288
601,tazovskiy,67.4667,78.7,282.21,62,81,4.42,RU,1685560288
602,cooma,-36.2333,149.1333,284.19,71,15,5.79,AU,1685560289
603,atasu,48.6814,71.6433,293.7,40,7,4.01,KZ,1685560289
604,hudson bay,52.85,-102.3842,298.34,48,0,5.23,CA,1685560051
605,lamu,-2.2717,40.902,299.27,80,4,5.95,KE,1685560289
606,roald,62.5833,6.1333,283.1,93,75,3.09,NO,1685560290
607,tautira,-17.7333,-149.15,297.37,68,32,6.39,PF,1685560290
608,dzhusaly,-17.7333,-149.15,297.37,68,32,6.39,PF,1685560290
609,muhos,64.808,25.9931,284.03,58,100,4.91,FI,1685560290
610,ipixuna,-1.7625,-48.8043,302.54,67,44,1.57,BR,1685560291
611,mogadishu,2.0371,45.3438,300.13,86,7,8.04,SO,1685560076
612,bridlington,54.0831,-0.1919,285.11,83,98,2.68,GB,1685560291
613,ilulissat,69.2167,-51.1,276.16,93,75,3.6,GL,1685560291
614,palafrugell,41.9174,3.1631,293.5,51,100,2.24,ES,1685560291
615,copiapo,-27.3667,-70.3333,287.98,22,3,2.85,CL,1685560292
616,prado,-17.3411,-39.2208,298.28,74,17,3.24,BR,1685560292
617,krasnoarmeyskiy,47.0114,42.2072,290.82,93,100,4.86,RU,1685560292
618,chivay,-15.6383,-71.6011,290.11,12,0,4.09,PE,1685560292
619,northam,51.0333,-4.2167,289.96,74,26,5.91,GB,1685560293
620,mahibadhoo,3.7833,72.9667,301.33,77,100,7.99,MV,1685560293
621,lanxi,29.2195,119.477,296.46,95,58,1.01,CN,1685560293
622,louisbourg,29.2195,119.477,296.46,95,58,1.01,CN,1685560293
623,inderborskiy,29.2195,119.477,296.46,95,58,1.01,CN,1685560293
624,tual,-5.6667,132.75,300.59,82,67,7.13,ID,1685560294
625,bolobo,-2.1667,16.2333,297.53,81,22,1.48,CD,1685560294
626,sokol,59.4617,40.1206,282.52,70,20,1.59,RU,1685560294
627,chacabuco,-34.6417,-60.4739,294.81,55,0,4.14,AR,1685560294
628,lichinga,-13.3128,35.2406,290.76,64,100,1.08,MZ,1685560295
629,norton shores,43.1689,-86.2639,306.25,37,20,4.12,US,1685560220
630,ponta delgada,37.7333,-25.6667,292.55,77,40,5.66,PT,1685560295
631,tsienyane,37.7333,-25.6667,292.55,77,40,5.66,PT,1685560295
632,baghdad,33.3406,44.4009,304.1,19,0,3.6,IQ,1685560190
633,alice springs,-23.7,133.8833,277.9,60,0,2.02,AU,1685560296
634,aberystwyth,52.4155,-4.0829,288.64,77,0,4.46,GB,1685560296
635,maragogi,-9.0122,-35.2225,299.66,84,21,3.73,BR,1685560296
636,pampa,35.5362,-100.9599,301.8,54,98,8.23,US,1685560296
637,pinheiro machado,-31.5783,-53.3811,290.9,70,100,1.32,BR,1685560296
638,paka,4.6374,103.4368,299.8,86,100,1.52,MY,1685560297
639,grand-santi,4.25,-54.3833,304.75,56,89,1.44,GF,1685560297
640,rongcheng,30.634,117.8517,295.4,95,100,1.15,CN,1685560297
641,vila velha,-20.3297,-40.2925,298.12,83,75,2.57,BR,1685560297
642,san carlos de bariloche,-41.1456,-71.3082,281.89,77,12,6.0,AR,1685560226
643,deep river,46.1001,-77.4995,304.23,28,6,1.12,CA,1685560298
644,gazojak,41.1875,61.4036,302.17,10,100,4.22,TM,1685560298
645,tocopilla,-22.092,-70.1979,293.89,67,11,2.4,CL,1685560298
646,half moon bay,37.4636,-122.4286,296.81,71,100,7.2,US,1685560189
647,narasannapeta,18.4167,84.05,301.75,80,28,2.06,IN,1685560299
648,majitha,31.7583,74.9544,293.09,94,100,4.12,IN,1685560299
649,bocana de paiwas,12.7857,-85.1227,296.8,94,100,2.69,NI,1685560299
650,zonguldak,41.25,31.8333,284.78,91,1,1.21,TR,1685560299
651,soanierana ivongo,-16.9167,49.5833,295.14,86,50,2.05,MG,1685560299
652,kieta,-6.2167,155.6333,299.33,88,100,2.39,PG,1685560300
653,invermere,50.5167,-116.0354,296.68,27,100,3.28,CA,1685560300
654,iguape,-24.7081,-47.5553,292.41,92,100,1.36,BR,1685560300
655,novska,45.3406,16.9769,288.74,92,88,0.28,HR,1685560300
656,the valley,18.217,-63.0578,303.23,74,40,7.72,AI,1685560301
657,port blair,11.6667,92.75,300.17,89,40,1.03,IN,1685560301
658,ratnapura,6.6828,80.3992,298.14,97,85,0.19,LK,1685560301
659,porto novo,6.4965,2.6036,302.05,79,20,4.24,BJ,1685560301
660,valparaiso,-33.0393,-71.6273,298.28,27,0,6.69,CL,1685560301
661,muddebihal,16.3333,76.1333,303.7,45,100,6.16,IN,1685560302
662,lolua,16.3333,76.1333,303.7,45,100,6.16,IN,1685560302
663,price,39.5994,-110.8107,299.74,11,0,7.2,US,1685560302
664,japura,-0.3167,102.35,297.25,98,100,1.05,ID,1685560302
665,maraa,-1.8333,-65.3667,301.71,84,75,1.66,BR,1685560303
666,port shepstone,-30.7414,30.455,290.56,80,96,4.3,ZA,1685560303
667,comonfort,20.7167,-100.7667,304.38,21,0,3.52,MX,1685560303
668,nara,34.6851,135.8049,287.57,86,88,1.46,JP,1685560304
669,flin flon,54.7682,-101.865,297.58,44,0,5.05,CA,1685560221
670,college,64.8569,-147.8028,284.03,73,100,5.66,US,1685560304
671,aniva,46.7144,142.5294,278.77,80,100,1.11,RU,1685560305
672,traipu,-9.9706,-37.0033,300.58,72,32,5.28,BR,1685560305
673,egvekinot,66.3167,-179.1667,273.8,96,100,0.49,RU,1685560305
674,podujevo,42.9106,21.1931,289.68,92,100,1.54,XK,1685560306
675,campo verde,-20.4167,-54.0667,296.23,72,100,0.34,BR,1685560306
676,korcula,42.9622,17.1369,294.49,77,53,1.91,HR,1685560306
677,sistranda,63.7256,8.834,280.13,70,75,9.69,NO,1685560306
678,kuminskiy,58.6667,66.5667,292.88,65,100,3.21,RU,1685560307
679,peniche,39.3558,-9.3811,293.87,81,0,3.64,PT,1685560307
680,idenao,4.2475,9.0047,298.42,96,100,0.75,CM,1685560307
681,yermakovskoye,53.2831,92.4003,282.23,83,83,1.74,RU,1685560307
682,avera,33.194,-82.5271,298.92,56,100,4.59,US,1685560307
683,bonito,-21.1211,-56.4819,296.79,75,69,0.78,BR,1685560308
684,pimenta bueno,-11.6725,-61.1936,304.24,56,49,1.72,BR,1685560308
685,lencois paulista,-22.5986,-48.8003,294.47,72,51,1.66,BR,1685560220
686,blagoyevo,63.3667,47.9167,286.04,73,96,1.35,RU,1685560308
687,borujan,63.3667,47.9167,286.04,73,96,1.35,RU,1685560308
688,vitim,59.4511,112.5578,282.09,86,100,0.24,RU,1685560309
689,pontes e lacerda,-15.2261,-59.3353,299.56,65,21,2.31,BR,1685560309
690,chiang klang,19.2938,100.8617,299.37,80,99,0.53,TH,1685560309
691,borogontsy,62.6683,131.1683,280.99,89,9,1.92,RU,1685559712
692,dondo,-19.6094,34.7431,294.88,88,50,2.63,MZ,1685560310
693,carmarthen,51.8555,-4.3054,292.11,59,38,5.14,GB,1685560310
694,baghmara,23.795,86.2085,307.63,23,32,3.14,IN,1685560310
695,kalmunai,7.4167,81.8167,300.14,82,100,3.66,LK,1685560310
696,miquelon,47.0975,-56.3814,285.15,91,100,0.71,PM,1685560310
697,ironton,38.5368,-82.6829,301.99,53,40,3.6,US,1685560311
698,veseloyarsk,51.2836,81.1056,286.08,57,4,2.41,RU,1685560311
699,krasnyy kommunar,51.9644,55.3668,296.19,40,0,3.0,RU,1685560311
700,irbit,57.6705,63.071,292.59,73,100,5.85,RU,1685560311
701,yumen,40.2833,97.2,287.2,35,100,4.5,CN,1685560316
702,waipawa,-41.4122,175.5153,284.48,85,9,3.66,NZ,1685560317
703,hornepayne,49.2138,-84.7705,302.96,33,99,4.78,CA,1685560317
704,ottawa,45.4112,-75.6981,305.79,33,20,3.09,CA,1685559915
705,bolshiye chapurniki,45.4112,-75.6981,305.79,33,20,3.09,CA,1685559915
706,xining,36.6167,101.7667,282.6,86,95,0.43,CN,1685560317
707,tara,56.8944,74.371,288.17,67,67,0.9,RU,1685560318
708,oistins,13.0667,-59.5333,301.44,74,44,6.82,BB,1685560318
709,la ronge,55.1001,-105.2842,295.27,52,75,5.66,CA,1685560318
710,kelo,9.3086,15.8066,304.48,48,70,3.1,TD,1685560318
711,beloha,-25.1667,45.05,293.43,75,100,5.19,MG,1685560319
712,puntarenas,9.9763,-84.8384,301.64,76,100,2.97,CR,1685560319
713,kharabali,47.4196,47.2568,297.05,52,100,6.97,RU,1685560319
714,saint-michel-des-saints,46.6834,-73.9159,304.23,28,19,3.96,CA,1685560319
715,dolbeau,46.6834,-73.9159,304.23,28,19,3.96,CA,1685560319
716,naivasha,-0.7167,36.4359,290.43,90,82,1.75,KE,1685560320
717,nantucket,41.2835,-70.0995,294.31,68,0,4.12,US,1685560320
718,bowen,-20.0167,148.2333,292.68,80,16,4.55,AU,1685560104
719,klaksvik,62.2266,-6.589,281.66,78,95,3.15,FO,1685560320
720,znamenskoye,57.1281,73.8282,287.85,66,93,1.71,RU,1685560321
721,walvis bay,-22.9575,14.5053,287.64,63,14,1.71,NA,1685560321
722,kuryk,43.2,51.65,297.86,43,100,0.68,KZ,1685560321
723,portlethen,57.0547,-2.1307,289.78,83,9,2.06,GB,1685560321
724,chilca,-12.5211,-76.7372,294.3,77,57,4.24,PE,1685560322
725,rio gallegos,-51.6226,-69.2181,281.68,78,99,5.28,AR,1685560322
726,preobrazheniye,42.9019,133.9064,284.35,76,100,2.73,RU,1685560322
727,waw,7.7029,27.9953,302.25,44,65,0.8,SS,1685560323
728,smithers,54.7804,-127.1743,283.33,50,100,0.0,CA,1685560323
729,uniao da victoria,54.7804,-127.1743,283.33,50,100,0.0,CA,1685560323
730,eureka,40.8021,-124.1637,289.37,75,5,3.58,US,1685560323
731,grants pass,42.439,-123.3284,293.81,51,0,5.66,US,1685560324
732,katangli,51.7102,143.2326,275.13,98,100,4.42,RU,1685560324
733,nuevo progreso,23.1667,-97.95,305.87,51,3,4.92,MX,1685560324
734,alihe,50.5667,123.7167,278.12,75,0,1.61,CN,1685560325
735,ravar,31.2656,56.8055,303.39,21,100,2.17,IR,1685560325
736,raga,8.4596,25.678,300.18,52,36,1.71,SS,1685560325
737,siocon,7.7061,122.1353,299.34,86,100,2.02,PH,1685560327
738,sompeta,18.9333,84.6,302.08,82,17,3.23,IN,1685560327
739,rudnya,54.947,31.0934,284.01,69,0,3.44,RU,1685560328
740,itarema,-2.9248,-39.9167,301.18,73,33,5.63,BR,1685560328
741,sibu,2.3,111.8167,296.92,98,100,0.59,MY,1685560328
742,armacao dos buzios,2.3,111.8167,296.92,98,100,0.59,MY,1685560328
743,katherine,-14.4667,132.2667,286.33,71,17,2.06,AU,1685560329
744,carmen,18.6333,-91.8333,305.17,66,20,3.6,MX,1685560206
745,mohanur,11.0833,78.1667,302.84,66,98,3.08,IN,1685560329
746,necochea,-38.5473,-58.7368,290.27,64,85,6.32,AR,1685560329
747,rodrigues alves,-7.738,-72.6509,301.23,79,42,1.32,BR,1685560330
748,bukama,-9.2,25.85,297.25,47,32,1.32,CD,1685560330
749,karpathos,35.507,27.2132,293.13,88,20,4.63,GR,1685560330
750,mzimba,-11.9,33.6,289.15,68,4,3.22,MW,1685560330
751,roma,43.2128,-75.4557,304.23,36,0,1.79,US,1685560331
752,nioro,13.35,-15.75,306.95,37,71,4.73,GM,1685560331
753,constitucion,-35.3333,-72.4167,289.52,72,100,3.21,CL,1685560331
754,kampong thum,12.7111,104.8887,299.76,82,79,0.73,KH,1685560331
755,ciudad guayana,8.3533,-62.6528,304.0,75,100,1.29,VE,1685560332
756,sisimiut,66.9395,-53.6735,276.74,90,100,10.64,GL,1685560332
